"Variable","RF_Importance","Lasso_Importance","Ridge_Importance","Enet_Importance"
"g__Methanobrevibacter_A",27.9298669934061,0,1.83513722130286,0
"g__Methanosphaera",3.5798420367802,0,3.90000716991959,0
"g__Methanomassiliicoccus_A_1637",1.92303905879665,28.3430354246192,15.8585472869712,44.7016844801106
"g__UBA71",1.1194996799714,0,7.27570097810552,0
"g__Actinomyces",4.50500431727933,0,1.70561859795834,0
"g__Actinotignum",0.461574146987153,0,11.0713210888476,0
"g__Gleimia",0.861977158394469,0,11.0726122219571,0
"g__Mobiluncus",0.716193677941934,0,11.0911589451291,0
"g__Pauljensenia",52.73588529442,5.54779593800153,8.26411546190152,8.63999750212085
"g__Peptidiphaga",4.19249078127643,0,14.2225682964968,0
"g__Varibaculum",7.917771585798,0,1.22603814296394,0
"g__Winkia",0.176276787740802,0,11.1607280500596,0
"g__Alloscardovia",4.52668178596034,0,6.81146627630988,0
"g__Bifidobacterium_388775",32.4440958336074,0,1.06511872737617,0
"g__Scardovia",6.79241925924413,0,90.789202375019,0
"g__Arthrobacter_I_385749",5.89281719734879,48.2581076454002,60.2226060803527,94.0169719927007
"g__Kocuria",1.57391041823471,0,11.1452540494747,0
"g__Rothia",28.5609060219743,0,7.397819314988,0
"g__Specibacter",2.58611068738388,0,52.1715258181479,0
"g__Corynebacterium",3.27332643950861,0,3.26771065807295,0
"g__Lawsonella",9.58638073999117,0,30.0496959082235,14.5985822122712
"g__Atopobium",0.524410019404472,0,5.52833616114423,0
"g__Fannyhessea",1.95648345693175,0,66.1762799047823,56.4240039199888
"g__Lancefieldella",5.27573117297422,0,8.77413852602995,0
"`g__NM07-P-09`",2.06189086613592,0,20.0227495294456,0
"g__Olegusella",0.697934508533512,0,10.9790499695675,0
"g__Parolsenella",8.9395627140455,0,9.63646407134603,0
"g__Thermophilibacter",0.886935889424871,0,44.2639001708417,0
"g__UBA1367",0.902168723994101,0,0.643816218809205,0
"g__Collinsella",63.7650457175964,1.34994876725083,4.57027009060106,1.40119159542271
"g__Adlercreutzia_404199",1.01037705488095,0,20.3408915844722,0
"g__Adlercreutzia_404218",1.65058113897862,0,10.8746949803331,0
"g__Adlercreutzia_404257",29.6110396219001,0,3.33936286218841,0
"`g__CAG-1427`",29.4559154669745,0,0.155678195246383,0
"g__Cryptobacterium",0.224729212914891,0,10.7868582593879,0
"g__Eggerthella",23.9773384811233,0,0.863237109008197,0
"g__Ellagibacter",10.1639115911742,0,5.70796236763172,0
"g__Gordonibacter",28.0334189361549,0,4.56370438218689,0
"g__Paraeggerthella",2.41855906991962,1.13559314896334,23.7434276459651,13.3290076765716
"g__Raoultibacter",1.11684149298587,0,0.702525878636465,0
"g__Rubneribacter",0.518132050276527,0,10.6217822303096,0
"g__Senegalimassilia",20.6589408086107,11.8231128064021,8.39243137744093,14.2414810712256
"g__Slackia_A",10.7609299540249,0,5.47085907747703,0
"g__QAMH01",37.7389987766487,9.17501796063999,18.0861919570272,13.321937719247
"g__Alloprevotella",7.46827950364832,0,0.0051316741006367,0
"g__Bacteroides_H",30.7002867959534,0,0.0889274784764292,0
"g__Paraprevotella",12.6648380412194,4.95617236173346,7.14329011866335,7.00111651987405
"g__Phocaeicola_A_858004",28.3371547016518,0,1.97291223285898,0
"g__Prevotella",25.9448442659688,0,0.19379093559773,0
"g__Barnesiella",29.1586701229891,0,1.43149969373264,0
"g__CABJAA01",12.0620244617614,0,4.92016797659495,0
"g__Coprobacter",22.8611437473504,13.3708623111938,9.10655079048317,15.1315860196733
"g__Dysgonomonas",0.722804216696406,0,5.26988004241864,0
"g__Seramator",3.02211321882506,0,88.7729482662046,47.4265326012146
"g__Butyricimonas",26.4935591821383,0,3.42087771831768,0
"g__Gabonibacter",0.82413997242405,0,11.3587589699834,0
"g__Odoribacter_865974",58.9269499530319,0,4.31907202105086,0
"`g__CAG-1031`",7.00881769904546,0,23.5940221816571,0
"`g__CAG-485`",3.35741743600406,0,1.22580540534748,0
"`g__CAG-873`",1.25034980583702,64.9831357639971,53.8968649889807,52.5971774250754
"g__Duncaniella",0.753214808037436,0,16.4956742024361,0
"g__Limisoma",14.468377411974,9.08102816478469,8.66462603004043,14.6242496077733
"g__Muribaculum",1.39612363051758,0,2.81749232127188,0
"g__Paramuribaculum",70.6774218179858,2.52636747852827,5.60567993152318,4.32843413029889
"g__Sodaliphilus",3.35474774588518,0,3.18458834494057,0
"g__UBA3263",0.813345219538752,0,5.2535176009159,0
"g__UBA7173",2.15998533565034,0,1.26447970649382,0
"g__Porphyromonas_A_859424",7.61313561224359,0,2.67004366966942,0
"g__Porphyromonas_A_859426",5.02283726576898,0,9.723042565646,0
"g__Alistipes_A_871400",55.0998965873603,0,0.883429881686061,0
"g__Alistipes_A_871404",37.3358440406812,0,4.04873128812714,0
"g__Rikenella",2.09094754865302,0,7.90023344295404,0
"g__Tidjanibacter",5.10516186573893,15.2648216137615,3.25599951577873,19.5816889245173
"g__Parabacteroides_B_862066",21.6949122427204,0,2.53592760065061,0
"g__UBA11471",1.77634571865744,0,9.43574940061475,0
"g__Coprenecus",43.1414017237135,0,1.04742213760033,0
"g__Cryptobacteroides",9.48263055459287,0,0.868671516763641,0
"g__Campylobacter_A",0.162957191172837,0,10.3966069814604,0
"g__Campylobacter_B",0.642246686492479,0,1.39680433956528,0
"g__Helicobacter_C_479931",0.680985373901747,0,1.63353044682262,0
"g__Helicobacter_D",1.55978670959106,13.2457861086381,46.7888315046876,67.1825375578906
"g__SIO2C1",10.0250148972917,0,0.545137907162249,0
"d__Bacteria_p__Cyanobacteria_c__Vampirovibrionia_o__Gastranaerophilales_f__Gastranaerophilaceae_g__",1.54157412502435,0,10.8509120573302,0
"`g__CAG-196`",9.75809545833953,0.288819711726161,16.3318478193292,1.4276298874966
"g__Limenecus",1.52996693220714,0,2.4841331478901,0
"g__Stercorousia",5.18845200377605,0,3.16180467120093,0
"g__UBA2813",1.36586760498646,0,39.8658925523915,0
"g__UBA6984",1.05531985663558,0,10.3385492227504,0
"g__Zag111",1.17782354212064,0,3.3194441481845,0
"g__Mucispirillum",1.55133520261355,0,2.79875738008517,0
"g__Desulfovibrio_R_446353",23.5301993286655,4.48685193368632,2.64730329451755,9.79767442834736
"g__Mailhella",38.5728836286805,11.1268235742791,22.1681075577094,22.6136212047184
"g__Nitratidesulfovibrio",0.780720694223347,0,10.3451201171585,0
"g__UBA1436",3.80302095069606,0,5.42102369060398,0
"d__Bacteria_p__Firmicutes_A_c__Clostridia_258483_o___f___g__",22.3295351925595,0,3.55439649683134,0
"`d__Bacteria_p__Firmicutes_A_c__Clostridia_258483_o__Acetivibrionales_f__DSM-8532_g__`",17.6542621955388,0,5.18800257355182,0
"d__Bacteria_p__Firmicutes_A_c__Clostridia_258483_o__Christensenellales_f___g__",38.5331869030372,6.05643912064311,9.27508210845542,6.73834180222787
"d__Bacteria_p__Firmicutes_A_c__Clostridia_258483_o__Christensenellales_f__Borkfalkiaceae_g__",0.650984416061639,0,10.3868371021021,0
"g__Borkfalkia",14.1417309279645,6.74008813927623,5.42132892919446,10.485976541045
"g__UBA1259",2.45259954624758,0,1.15275088252284,0
"`d__Bacteria_p__Firmicutes_A_c__Clostridia_258483_o__Christensenellales_f__CAG-138_g__`",17.6052708071849,0,2.81224925046856,0
"g__Aphodomorpha",0.449278301288896,0,11.1923790972719,0
"`g__CAG-1024`",7.85338281883939,0,0.0544736269319332,0
"g__PeH17",6.62588844641964,0,1.86155274841189,0
"g__SFDB01",3.64046592079587,0,15.0629465026542,0
"`g__CAG-314`",30.1125155004837,0,13.5349990742564,0
"`d__Bacteria_p__Firmicutes_A_c__Clostridia_258483_o__Christensenellales_f__CAG-552_g__`",1.1730904787656,0,10.5228686967638,0
"`d__Bacteria_p__Firmicutes_A_c__Clostridia_258483_o__Christensenellales_f__CAG-74_g__`",20.5094499024623,0,0.311600664133836,0
"g__Limiplasma",44.449153141968,0,2.24878295276137,0
"g__Onthenecus",34.3021138879892,0,0.130055519790627,0
"g__SFMI01",38.1214617951398,1.14197463261318,1.59958005730863,3.1754762530276
"`g__CAG-349`",38.9108293904794,0,27.3759438512905,0
"`g__CAG-475`",3.49681367494293,0,7.13942783578794,0
"d__Bacteria_p__Firmicutes_A_c__Clostridia_258483_o__Christensenellales_f__Christensenellaceae_g__",31.0290190529903,0,6.88066010063225,0
"g__Christensenella",18.585064616395,0,2.87486107135886,0
"`g__GCA-900066905`",8.2408961773475,36.0536025881647,21.5251452593598,50.5522732074655
"`g__MARSEILLE-P3954`",1.15715256114119,0,3.65962410200859,0
"g__Clostridium_J",0.211924476571975,0,3.51332417444329,0
"g__Clostridium_P",15.3692495326856,0,4.98527997046977,0
"g__Clostridium_T",39.8437141824272,0,2.09738097362301,0
"g__Dwaynesavagella",2.96512693881938,0,0.484966191971151,0
"g__Inconstantimicrobium",0.894371872677244,0,10.639551378669,0
"d__Bacteria_p__Firmicutes_A_c__Clostridia_258483_o__Eubacteriales_258471_f__Anaerofustaceae_g__",2.25478842787661,0,3.86335743438219,0.838536441874571
"g__Anaerofustis",11.3858863009217,10.7850948893462,10.9935155848615,22.497129542902
"g__Eubacterium_O_258270",10.6006361352136,0,7.34081500883052,0
"g__Ructibacterium",3.13528941440914,0,2.22778462719989,0
"d__Bacteria_p__Firmicutes_A_c__Clostridia_258483_o__Lachnospirales_f___g__",30.0330559838796,0,1.18637700269679,0
"d__Bacteria_p__Firmicutes_A_c__Clostridia_258483_o__Lachnospirales_f__Anaerotignaceae_g__",23.2400390503457,8.76883877376868,4.81712786254586,11.2304320397988
"g__Anaerotignum_189125",29.6552129124635,0,3.32012389347347,0
"g__Anaerotignum_189163",1.44242366317398,0,11.9149180368383,0
"`g__CAG-274`",39.4473400036125,0,2.12818203535445,0
"d__Bacteria_p__Firmicutes_A_c__Clostridia_258483_o__Lachnospirales_f__Cellulosilyticaceae_g__",4.94459394329146,0,11.1861393409459,0
"g__Cellulosilyticum",0.475214014376798,0,10.6725926060712,0
"d__Bacteria_p__Firmicutes_A_c__Clostridia_258483_o__Lachnospirales_f__Lachnospiraceae_g__",34.4650981032562,0,0.194824473608453,0
"`g__14-2`",2.32573951003708,0,8.98727857387501,0
"`g__1XD42-69`",0.99847348961661,0,10.3451806669569,0
"g__Acetatifactor",65.3199758194973,0,2.04786839696137,1.31531838881407
"g__Acetitomaculum",0.578252126787836,0,10.713877401079,0
"`g__AF33-28`",2.58063672916373,0,14.2387836342949,0
"g__Agathobacter_164117",37.7625527646269,0,0.151087161702363,0
"`g__AM51-8`",7.52437145166824,0,3.25335284799069,0
"g__Anaerobutyricum",100,4.82097134184015,2.87719715137719,7.62247501176256
"g__Anaerostipes",48.6399146611919,0.961478929623,1.99903710268608,2.33286394664299
"g__Bacteroides_F",5.47420241169695,0,2.44578412479782,0
"g__Bariatricus",45.5492643471677,0,3.53373412976742,0
"g__Blautia_A_141780",23.7827662517973,0,0.344818567250048,0
"g__Blautia_A_141781",39.41207228459,0,0.838898203088849,0
"g__Butyribacter",36.2404739565464,0,2.79580194295221,0
"g__Butyrivibrio_A_180067",3.38241267238456,0,5.01388878319049,0
"`g__CAG-127`",32.2680023126354,0,5.44493568298168,0
"`g__CAG-194`",2.28092668321195,0,10.46673515583,0
"`g__CAG-317_146760`",22.4877744619232,0,1.58659774334871,0
"`g__CAG-45`",24.538114589462,0,3.00590573400261,0
"`g__CAG-56`",1.87209392592374,0,17.4088395470691,0
"`g__CAG-603`",0.251832940227525,0,10.6632600547358,0
"`g__CAG-632`",0.842155718201179,0,12.5245508662557,0
"`g__CAG-791`",2.99234741586606,0,7.23457514523669,0
"`g__CAG-95`",14.8860233254439,0,3.15415147038149,0
"g__Catenibacillus",22.7351789364032,0,1.64033512001766,0
"g__Catonella",0.446337182204717,0,10.6980816639324,0
"g__Choladousia",1.15038505081118,0,7.3657273532472,0
"g__Clostridium_AP",10.3766842943765,0.178625469703689,3.24751216616225,4.19687338716762
"g__Clostridium_N_143832",1.12807732646479,0,5.70464226029523,0
"g__Clostridium_Q_134516",22.1165030383207,0,5.87254305017886,0
"g__Clostridium_Q_134526",3.71538577742829,0,19.9552699024826,0
"g__Clostridium_Q_135822",20.770036101501,8.8845381685005,6.74821056527997,12.6276362384604
"g__Clostridium_Q_135853",19.2126814264211,0,1.8707971617099,0
"g__COE1",15.0339067767866,3.17465906064658,9.37396646550297,3.5834129595533
"g__Coprococcus_A_121497",32.584706702772,0,1.67839456743051,0
"g__Coprococcus_A_187866",74.013260221749,2.97530870755377,7.24031801100284,5.00961758374404
"g__Copromonas",26.7640379422835,0,1.62282577377055,0
"g__Cuneatibacter",0.648917713071214,0,20.5102387163071,0
"g__Dorea_A",78.6766612347419,0,1.55290385939006,0
"g__Eisenbergiella",49.1892291615741,0,1.17522752575499,0
"g__Enterocloster",28.9452184269403,2.70680657408935,1.68430751613062,2.94287856678942
"g__Eubacterium_F",32.6359511727243,0,0.917846708706541,0
"g__Eubacterium_G",74.1067700443654,0,5.77669510156572,0
"g__Eubacterium_I",50.2877233681142,0,2.66972652928865,0.250948473906807
"g__Eubacterium_J",41.7571117444975,0,1.52620422453739,0
"g__Eubacterium_S",4.66071354191915,0,22.6616329308514,0
"g__Extibacter",1.92197673376343,0,20.3274479920541,0
"g__Faecalimonas",14.7366837280048,0.857457667249483,2.61687864297804,1.86969095644327
"g__Fimimorpha",1.95587902792977,8.23124647094291,25.5096356935936,13.1904952682685
"g__Fimousia",0.330111932226156,0,10.7184189722902,0
"g__Frisingicoccus",68.1309852662565,13.8620592542147,11.2521355784515,18.7682520087124
"g__Fusicatenibacter",5.74143337222525,0,12.1112911970249,0
"g__G11",0.173804235937012,0,7.52545359423644,0
"g__Hespellia",0.144638797060485,0,10.8637942677165,0
"g__Howardella",12.2872339450469,0,2.74365940138932,0
"g__Hungatella_A_127239",49.7284688773519,16.293497140941,13.9114609136789,21.7582116897618
"g__Hungatella_A_128155",6.72824425007466,0,4.9559400767347,0
"g__Johnsonella",0.934590812414056,49.772992310532,3.96971053659046,88.7062079282252
"g__Kineothrix",4.77441132801538,0,0.164561433424526,0
"g__Lachnoanaerobaculum",0.951339729976806,0,33.3113990120411,0
"g__Lachnoclostridium_A_130679",4.36749660157739,0,0.554942974803324,0
"g__Lachnoclostridium_B",33.8369299751841,0,4.07481100636857,0
"g__Lachnospira",54.6238105353183,1.57010352884372,1.76418167522039,2.59129911125931
"g__Lactonifactor",3.9587930771829,0,4.37870328314952,0
"g__Limivivens",40.1255322562039,0,0.860077979392628,0
"g__Marvinbryantia",13.8737030775787,0,0.0461065224055666,0
"g__Massilistercora",22.6383136370222,7.47346032735591,7.59884643599324,9.0561679258259
"g__Mediterraneibacter_A_155507",48.7732251285763,5.04259883563804,2.87209112544087,6.65897456058717
"g__Mediterraneibacter_A_155590",43.3502434211568,0,2.30680879608779,2.83495328226188
"g__Merdimonas",13.7468570522715,0,5.11203474283856,0
"g__Merdisoma",36.4494998751502,0,5.31905144542318,0
"g__Muricomes_149725",29.5029811172898,4.38480419186777,8.6956715501597,8.41557298647021
"g__Murimonas",0.420049936499635,0,11.1392178847556,0
"g__Oliverpabstia",56.9954953859384,1.11702728397496,3.95952279316289,1.33673714428761
"g__Oribacterium",6.91323611231621,0,4.15757743638573,0
"g__Paralachnospira",14.9758454292349,27.3019638232109,21.3667080971236,43.1370939271438
"g__Porcincola",28.7007985576603,0.20002217937997,2.93822526652793,1.24959864862933
"g__Robinsoniella",1.39574924369342,0,11.2661836666865,0
"g__Roseburia",84.4993754978946,8.12754752805978,5.2002569635752,9.85585572734405
"g__RUG115",13.9874377867531,0,1.21805714693158,0
"g__Ruminococcus_B",23.4037291443382,0,1.35697058619414,0
"g__Ruminococcus_G",3.70574886419431,0,13.2583672712217,0
"g__Scatomonas",22.6881217959492,0,6.58727866332932,0
"g__Schaedlerella",21.8168357526126,0,0.307556041346899,0
"g__Sellimonas",22.8404413669633,0,2.59770271243066,0
"g__Sporofaciens",1.23721136601038,0,12.613023071421,0
"g__UBA3282",0.615647645833005,0,22.1335110122052,0
"g__UBA3402",18.104025078295,0,2.46054257145869,0
"g__UBA9414",11.780850047636,0,4.4610222277161,0
"g__UMGS1375",61.1782481458112,12.6185935837074,6.39769016938576,17.1177144036032
"g__Velocimicrobium",0.629407720111661,0,11.4419859290921,0
"g__Ventrimonas",25.2999614371761,0,1.91762597478477,0
"g__Ventrisoma",17.5342762261942,0,6.0366490910308,0
"g__VUNI01",0.276920520700051,0,11.5078754481438,0
"g__Monoglobus",43.779014732327,0,2.04121621568829,0
"d__Bacteria_p__Firmicutes_A_c__Clostridia_258483_o__Oscillospirales_f___g__",0.0444765087530392,0,15.1434577504629,0
"d__Bacteria_p__Firmicutes_A_c__Clostridia_258483_o__Oscillospirales_f__Acutalibacteraceae_g__",19.3146488940355,0,1.35952173379544,0
"g__Acutalibacter",32.3700563546534,0,1.66429730107319,0
"g__Anaeromassilibacillus",37.7330836480297,0,2.38305820270597,0
"g__Caccousia",12.3222705351345,0,7.53831887066414,0
"`g__CAG-177`",22.8612232060075,7.82983395459227,4.01639127912577,11.4306656922678
"`g__CAG-217`",22.2486866562502,0,1.27709476842004,0
"`g__CAG-488`",2.1413828662555,0,0.628048816876111,0
"`g__CAG-964`",1.50621780491159,0,9.54031192575118,0.282136598649422
"g__Caproicibacterium",13.3686286518395,0.12020212142492,14.1185938997244,0.551739440442339
"g__Caproiciproducens",17.8007602920203,0,2.00445374488639,0
"g__Clostridium_A",31.0312431866544,0,3.21420690307418,0
"g__Clostridium_E",7.93581817597946,8.23114817207583,23.536842259937,16.6055925091515
"g__Eubacterium_R",22.221610858377,0,0.168061855977676,0
"g__Fimenecus",15.3403280912483,7.22884340667812,5.878797525436,9.64503345256485
"g__Hydrogeniiclostridium",26.0750710219451,0,6.06059471699803,0
"g__Limousia",0.150649790112002,0,11.6845310534311,0
"g__Pseudoruminococcus_A",9.88314442298386,0,1.30400742233751,0
"g__RUG762",1.16036623926762,0,15.5033478587861,0
"g__Ruminococcus_E",31.1931279310745,0,0.487865450531752,0
"g__Scatavimonas",0.0702383064493745,0,11.7978233052635,0
"g__Solibaculum",6.0377782886856,0,4.590086159794,0
"g__UBA1417",29.5419231973854,0,3.38646789776961,0
"g__UBA5905",22.4888493300876,0,7.5988849559263,0
"g__UBA737",15.2707082658314,0,0.235550215594344,0
"g__UMGS1071",20.8276688654447,0,4.59363503047713,0
"d__Bacteria_p__Firmicutes_A_c__Clostridia_258483_o__Oscillospirales_f__Butyricicoccaceae_g__",2.2400724257098,1.71625222502006,19.7081039519411,0
"g__Agathobaculum",23.0591873952748,2.59522666550624,1.2444087061171,4.46048881177363
"g__Butyricicoccus_A_77030",4.12485570588915,4.87707621373844,6.58185625570472,4.63227333816827
"g__Butyricicoccus_A_77419",6.82878804787388,0,5.74762480891967,0
"g__Intestinibacillus",0.429283009998425,0,11.8638468313807,0
"g__Pseudobutyricicoccus",59.478888179593,0,9.09114305024443,0
"g__Avispirillum",18.2210615265721,0,3.13603705229271,0
"g__QALR01",3.96326635328688,0,1.55763147443286,0
"g__RUG13077",38.8893610981136,0,6.70879413926244,0
"g__SFLA01",16.364558069988,0,7.96986925983117,0
"d__Bacteria_p__Firmicutes_A_c__Clostridia_258483_o__Oscillospirales_f__Ethanoligenenaceae_g__",4.27403576843422,0,1.95858170524336,0
"d__Bacteria_p__Firmicutes_A_c__Clostridia_258483_o__Oscillospirales_f__Oscillospiraceae_88309_g__",43.6339988656392,0,2.62304944739309,0
"`g__CAG-83`",10.6018626705412,0,0.26602329831417,0
"g__Dysosmobacter",64.4171973854756,0,2.71328940571304,0
"g__Enterenecus",1.80676640932701,0,0.0485616218567901,0
"g__ER4",26.2018106800898,0,0.488029861657005,0
"g__Evtepia",23.9936581829242,6.70194179044602,6.95602079326638,10.7825972430116
"g__Faecousia",29.9876349337304,0,0.0693973343092903,0
"g__Intestinimonas",14.8973171425562,0,0.137100380347239,0
"g__Lawsonibacter",29.7621821751262,0,1.34204020332198,0
"g__Limivicinus",20.1041430547314,0,0.957955189285376,0
"`g__Marseille-P3106`",0.796323211896152,0,12.031784401487,0
"g__Onthomonas",41.9117851450234,0,6.42695197394114,0
"g__Pseudoflavonifractor_80958",1.63570816072622,0,4.32885325327678,0
"g__UBA2658",11.1561713949034,0.504952844955181,13.803065608759,8.87412074860835
"g__Vescimonas",41.2838677928287,0,2.34548576309925,0
"g__WQUU01",31.6772792215292,0,13.3788146138659,0
"g__WRMH01",5.12986963769553,0,7.65861051614673,0
"d__Bacteria_p__Firmicutes_A_c__Clostridia_258483_o__Oscillospirales_f__QAKW01_g__",11.9390111841097,0,3.3959083604374,0
"g__QAKW01",6.89541935594156,0,11.1178992732053,0
"d__Bacteria_p__Firmicutes_A_c__Clostridia_258483_o__Oscillospirales_f__Ruminococcaceae_g__",60.1114395893345,36.2237527532003,16.2485191656546,49.8626042278233
"g__Acetanaerobacterium",1.82945675431902,52.4673335307581,43.3627095706147,84.9116077758124
"g__Anaerofilum_74150",22.2950239478894,0,9.6271774694901,0.756846912303925
"g__Anaerotruncus",33.2622869474267,0,3.6345094755199,0
"g__Angelakisella",42.0066320933437,0,3.88280419272125,0
"g__Bittarella",25.1224283840742,32.3673793925385,4.51733435115833,47.4081136510402
"`g__CAG-353`",1.58051953554593,0,0.201340692569225,0
"g__Faecalibacterium",24.7261243233993,0,0.013655456766605,0
"g__Fimivivens",3.51365058984794,0,6.69075882305997,0
"g__Fournierella",1.17359296757223,0,12.006841404155,0
"g__Gemmiger_A_73129",33.6539532563752,0,0.437408468255464,0
"g__Gemmiger_A_73276",1.37535580220639,0,6.91949183221073,0
"g__Harryflintia",2.42786108697484,1.0226163169255,6.75343392109262,27.7691988235032
"g__Hydrogenoanaerobacterium",14.1454074693519,0,22.2718604943282,0
"`g__Marseille-P2935`",1.37817305605911,0,37.1023112344715,0
"g__Massiliimalia_59888",3.68697798757492,0,5.88422070162897,0
"g__Massiliimalia_59910",2.1113411500018,21.6293586059414,57.7410245734732,45.512553458554
"g__Massilioclostridium",15.246522513069,0,0.926042787578499,0
"g__Negativibacillus",39.7412169940835,4.26411692059614,2.15258147009554,5.72533906701291
"g__Neobittarella",16.8036613731366,12.8900238120036,8.08414344043845,21.7122618720413
"g__Paludicola",17.3076749008165,0,2.00646248842041,0
"g__Phocea",30.5268602218913,0,3.1650021179725,0
"g__Pygmaiobacter",9.44776192015281,37.7214348006847,27.2077968248925,44.9350363930193
"g__QAMM01",5.27574140677051,0,7.35477316493395,0
"g__Ruminiclostridium_E",24.7509477487553,0,0.515357414037849,0
"g__Ruminococcus_C_58660",27.658080711685,3.50720050980004,2.53955123517492,4.72970484313609
"g__Ruminococcus_C_59129",5.67489013955184,0,9.82893650379546,0
"g__Ruminococcus_D",62.3670638114281,0,1.65253292852193,0
"g__Ruminococcus_F",31.0453269399635,0,22.6203539836431,2.04528437567457
"g__Ruthenibacterium",83.6061701614149,0.242979559004756,2.65697432506282,2.36249952179677
"g__Soleaferrea",14.3787949446528,0,12.7329660136359,0
"g__UBA1394",13.3393144536362,1.17665149311721,2.27173752408702,1.50685434454994
"g__UBA946",0.718560205464072,0,11.9505457569694,0
"g__UBA644",41.3979945246191,0,0.297481505760042,0
"g__WRAI01",11.5349718889105,0,4.4355908592699,0
"d__Bacteria_p__Firmicutes_A_c__Clostridia_258483_o__Peptostreptococcales_f___g__",1.58065005254184,0,13.9367685854793,0
"d__Bacteria_p__Firmicutes_A_c__Clostridia_258483_o__Peptostreptococcales_f__Anaerovoracaceae_g__",21.104831120814,2.90641191127517,3.39604922242752,5.12712981370848
"g__Alterileibacterium",0.361153514131507,0,11.8798718369114,0
"g__BX12",32.5914080847936,0,2.59873178514725,0
"g__Copromorpha",38.3678266139172,0,3.26956310874815,0.458406352474662
"g__Emergencia",26.5456821275966,7.76121829616102,12.7676543211714,7.39184948752784
"g__Eubacterium_B",0.967660333588345,0,33.8962500845556,0
"g__Eubacterium_M",3.88814975436538,0,9.72286829252551,5.14498146704751
"g__Eubacterium_N",18.0407083911928,2.9096497081206,15.1602700556191,3.15005435711133
"g__Hornefia",1.1245093942285,0,60.901634523788,0
"g__Mogibacterium",3.17205666011926,0,8.09821543163518,0
"g__PHAE01",2.65542223025992,0,48.8452403906943,0
"g__RUG11894",0.647539565906472,0,11.7878843199922,0
"`g__S5-A14a`",1.36516513154291,0,21.2577607874271,0
"g__VUNA01",32.5505367007638,20.174974658053,16.8483818863865,25.9153476791962
"d__Bacteria_p__Firmicutes_A_c__Clostridia_258483_o__Peptostreptococcales_f__Peptostreptococcaceae_256921_g__",5.74541700971033,0,5.28312344035057,0.585484022893337
"`g__CCUG-7971`",12.5048418974487,0,5.22964369031806,0
"g__Clostridioides_A",0.129311189996578,0,11.7249409142677,0
"`g__GCA-900066495`",0.127529523405001,0,3.88222566185603,0
"g__Intestinibacter",51.5209257075422,16.1095424858246,7.87672873274906,22.3347186193683
"g__Paraclostridium",0.933610728748605,0,0.0195719097567195,0
"g__Peptacetobacter",6.38371406478999,0,0.769815579843683,0
"g__Peptostreptococcus",1.87327806412984,0,19.7999094341373,0
"g__Romboutsia_B",27.6734758897224,0.753746350964517,2.0632761216363,3.65796102286737
"g__Romboutsia_D",1.96466706210421,0,0.489054790243357,0
"g__Terrisporobacter",52.7343595257565,8.01455421416235,6.56443036187165,13.72869734579
"g__SFGY01",0.256568630025676,0,11.5951514661809,0
"g__Fastidiosipila",0.464016297890634,0,1.20704095527507,0
"`d__Bacteria_p__Firmicutes_A_c__Clostridia_258483_o__TANB77_f__CAG-508_g__`",49.6869709965101,14.340116070841,6.22441124986595,19.0055898422656
"`g__CAG-269`",24.5870946243048,0,1.62659640601376,0.2398932448229
"`g__CAG-273`",18.498302996869,0,1.64116835750969,0
"`g__CAG-793`",17.0427114336188,8.73905700486065,33.1449343816263,21.3517391620644
"g__Merdicola",22.3876003676393,0,1.1298583480055,0
"g__UMGS1994",0.18011027714913,0,5.77995704859623,0
"g__Anaerococcus",11.0524750258954,0,2.11862106892152,0
"g__Ezakiella",4.41873740918965,29.7084025621676,24.8895656481086,55.5691114026105
"g__Fenollaria",13.2255304965237,0,2.32308687829179,0
"g__Finegoldia",15.1810047526623,0,18.8434949611548,4.31561955663578
"g__KA00134",0.0615846667428155,0,11.609895548771,0
"g__Lagierella",0.902756372492834,0,5.81023662753022,0
"g__Murdochiella_225299",1.93771857677671,0,11.917407391053,0
"g__Murdochiella_225317",0.912283735152445,0,11.6506876276215,0
"g__Parvimonas",28.3997011788887,4.44514753812878,18.0207997454608,20.7950200053328
"g__Peptoniphilus_A",6.34318305546139,4.93523983450749,5.3769428218772,13.9417795776641
"g__Peptoniphilus_B_226777",2.91947077951011,11.9642150596081,18.3882383611838,45.9883340576828
"g__Peptoniphilus_C",1.14777196716565,0,7.12133548677646,0
"g__Peptoniphilus_E",1.37110565565822,0,11.6721479127529,0
"g__Urinicoccus",0.377139312164124,0,3.8692730315314,0
"g__W5053",0.302963090293708,0,11.5474065693993,0
"`g__CAG-41`",32.3390256503338,8.36313030280697,5.54451876150895,10.8806392945608
"d__Bacteria_p__Firmicutes_B_370539_c__Dehalobacteriia_o__Dehalobacteriales_f__Dehalobacteriaceae_g__",0.768767431186796,0,21.0792177601532,0
"`g__BICA1-8`",1.593604877652,0,15.075744884184,0
"g__Peptococcus",15.6538856249779,0,1.39028129982846,0
"g__Acidaminococcus",52.3408353151731,0,3.14764827923098,0.797207392874715
"g__Phascolarctobacterium_A",49.7240805946731,0,1.86373611450614,0
"g__Massilibacillus",4.96758424911795,0,1.48969268968932,0
"g__Anaerovibrio",0.857465384882213,0,5.95263233355673,0
"g__Centipeda",0.128454900871539,0,11.4689876481763,0
"g__Megamonas",1.89801079365599,0,11.4078846161603,0
"g__Mitsuokella",12.1009686959764,0,6.12702007463182,5.2247401438719
"g__Allisonella",18.1149363426686,0,0.461896480073397,0
"g__Dialister",30.8901633394843,0,0.817325784165329,0
"g__UBA5809",1.61474240635919,0,11.5543076039493,0
"g__Anaeroglobus",1.98277033184,0,55.9609477762107,0
"g__Caecibacter",2.62005929519051,0,36.9933674768367,0
"g__Megasphaera_A_38685",22.9500776706893,10.6984590112663,7.42535455601574,17.7424289317921
"g__Megasphaera_A_38692",0.179462878781879,0,11.3047464236911,0
"d__Bacteria_p__Firmicutes_C_c__Negativicutes_o__Veillonellales_f__Negativicoccaceae_g__",1.85852860249334,27.3641525315636,53.8943809036466,40.7660806672868
"g__Negativicoccus",1.9589563469907,0,28.2853422347751,0
"g__Veillonella_A",42.4986591733393,2.27387024817943,4.27885812799283,2.2921415623965
"`g__CAG-307`",0.0970316057825235,0,11.2703145149067,0
"g__Rummeliibacillus",0.161271588110923,0,11.2542785634234,0
"g__Weizmannia",1.13560455434783,0,7.04057007569838,0
"d__Bacteria_p__Firmicutes_D_c__Bacilli_o__Bacillales_B_306089_f__Anoxybacillaceae_g__",3.84573082264453,0,100,0
"g__Geobacillus",0.212111341584829,0,17.6897476640191,14.047401267885
"g__Bacillus_P_294101",2.09720306428965,0,3.32484163111056,0
"g__Bacillus_A",0.0615233415806174,0,22.2125380986007,0
"g__Sporolactobacillus",0.727551684822923,16.5725613940153,35.5494568743462,47.5889629625453
"d__Bacteria_p__Firmicutes_D_c__Bacilli_o__Erysipelotrichales_f__Coprobacillaceae_g__",23.8248998817783,1.03882583292046,4.90879327675303,0
"g__Beduini",0.262854848336506,0,11.2354857852785,0
"g__Catenibacterium",27.9136573023261,0,0.0989683551948203,0
"g__Coprobacillus",11.7814682181407,0,6.66355196636523,0
"g__Erysipelatoclostridium",57.2819237310193,0,0,0
"g__Faecalibacillus",26.5862673273361,0,0.911433464877114,0
"g__Fimiplasma",1.96695939538987,0,0.951516528781039,0
"g__Longibaculum",52.62228443185,17.5515193036278,18.9689396145076,22.3484495971356
"g__Stoquefichus",4.66058230379001,46.9298872874299,63.0920669865191,67.1467151528346
"g__Absicoccus",2.19095545811155,0,2.42787654380434,0
"g__Allobaculum",2.79837372750776,0,11.213785343554,0
"g__Amedibacillus",13.8256059242444,0,8.87058538436748,0
"g__Amedibacterium",7.91406903178163,0,8.56339630582116,0
"g__Bulleidia",25.8459170715232,0,4.31976687447796,0
"`g__C-19`",1.19484076970831,0,11.1794884651214,0
"g__Clostridium_AQ",41.42325233278,0,3.91852883681651,0
"g__Dielma",18.9979262442563,0,4.06919095047125,0
"`g__DONG20-135`",0.846324135234325,0,11.1383759713791,0
"g__Dubosiella",0.842226598222817,0,23.037466688687,0
"g__Faecalibaculum",1.88393610070012,0,13.5932428821148,0
"g__Faecalicoccus",0.442210139190816,0,8.56124189164174,5.90253152189172
"g__Faecalitalea",1.27390113965172,0,7.36840118908852,2.17841610682887
"g__Holdemanella",23.013814441639,2.33602565193561,2.70128733298012,4.57746836182254
"g__Holdemania",63.211549277819,2.722067764767,8.47172925986313,7.66110061534169
"g__Ileibacterium",1.87924720798574,0,11.0983615794344,0
"g__Longicatena",20.235606026839,0,3.6286619121619,0.153966434933583
"g__Massilicoli",7.93163342000282,0,28.3989153987816,0
"g__Merdibacter",22.5697543210846,0,3.50921010313776,0
"`g__NSJ-61`",37.1411809851407,0,18.7908889200287,6.45688059507768
"g__Traorella",0.768803434052674,0,8.68041479071076,0
"g__UBA636",1.0288781204855,0,11.0078387872245,0
"g__Exiguobacterium_A",2.77895544000145,0,10.9761877358638,0
"g__Turicibacter",37.5842539509757,0,0.713965042099693,0
"g__Abiotrophia",1.95410300551923,0,28.6632093609861,15.2438944256495
"g__Facklamia_A_322620",0.77921549146483,0,10.9619216805842,0
"g__Facklamia_A_322655",2.31612855841035,0,10.9691040895964,0
"g__Granulicatella",61.7058586962404,7.56460080086432,11.3799099676424,6.40067624178833
"g__Enterococcus_A",1.28453438857233,0,14.265131493465,0
"g__Enterococcus_B",0.241497811033351,0,10.9792841069217,0
"g__Enterococcus_D",1.25765470117943,0,10.9839611098386,0
"g__Enterococcus_E",2.92374482354414,0,9.90243851890571,0
"g__Enterococcus_H_360604",6.00258604935218,0,1.85804492967871,0
"g__Companilactobacillus",0.0902276582110054,0,5.49590910528624,0
"g__Dellaglioa",2.37590416074825,18.5110155357745,69.744979754202,13.3484764345926
"g__Fructilactobacillus",4.63827652144305,0,21.7130223084404,0
"g__Lacticaseibacillus",63.00685682385,27.4040892285782,15.0201655462419,33.0886682493415
"g__Lactiplantibacillus",2.65350283963254,0,3.20706194539752,0
"g__Lactobacillus",40.0817881310703,25.7115155921954,9.11520181905423,35.9732077345418
"g__Latilactobacillus",8.01654725107924,12.1617149384515,9.19804507024031,9.58650983673924
"g__Leuconostoc_B",10.8414931162536,0,5.81608128131627,0
"g__Levilactobacillus",0.712086206730733,0,10.9292352073679,0
"g__Ligilactobacillus",11.3908018582759,0.478205073769691,1.44354784347094,4.30496867176317
"g__Limosilactobacillus",3.85229377250499,1.00251097514261,2.38846947938836,6.301035860416
"g__Pediococcus",3.10241469482024,0,5.48508119923101,0
"g__Weissella_A_338544",8.98211469106191,26.9270419928283,17.3085769930427,40.4720503051237
"g__Weissella_A_338546",1.42927636480997,0,16.6318659527212,0
"g__Lactococcus_A_343306",1.07679528563923,0,10.8530344705458,0
"g__Lactococcus_A_343473",3.15224141112115,73.950188220713,24.4616061820156,100
"g__Lactococcus_A_346120",17.9932557486228,12.979689425971,7.26762476280188,17.3410935106453
"g__Streptococcus",73.0791927733417,2.21059281458208,3.15773985347222,3.35300725509877
"`g__CAG-313`",11.586774717607,7.13523814083434,11.5476393650115,16.7662138973111
"d__Bacteria_p__Firmicutes_D_c__Bacilli_o__RF39_f__UBA660_g__",15.129415958266,0,8.50811902404712,0.894010166182173
"`g__CAG-302`",14.6521523471321,0,3.07348479159745,0
"`g__CAG-417`",5.40989640639474,14.8494562856532,10.8996117307838,23.1608001397757
"`g__CAG-628`",0,0,5.40072631604145,0
"`g__CAG-710`",0.247584124937416,0,10.8284987279034,0
"g__Coprosoma",5.10828016828217,0,22.2018774458125,0
"g__Onthocola_B",9.45486227018881,18.594537695472,15.3743107002448,15.7672347163619
"g__RUG13038",30.715602345036,3.13248822831312,20.128835114698,0
"g__Scybalousia",3.44285333958281,0,29.7217190206591,0
"g__UBA2730",0.936097840710815,0,10.8625196684033,0
"g__UBA3789",0.411551809588092,0,4.17389529543273,0
"g__UBA5026",2.66276909525849,0,14.4835151103306,0
"g__UBA6985",8.65736229927598,0,30.5973008003637,0
"g__UMGS1449",17.470522545468,0,15.2872898744121,0
"g__UMGS872",6.83942567664479,28.0327790580478,48.7651865246501,43.7198115738462
"`g__CAG-345`",0.796996931509941,0,45.7976692022484,0
"g__Scatoplasma",2.00948561356476,0,27.7810962386629,0
"g__Enteromonas",3.83988164481824,0,8.53266392799512,0
"g__Gemella",61.0004713287423,0,6.75161499335043,0
"g__Staphylococcus",6.21719371551473,0,1.21235777260284,0
"g__DTU012",22.7990265588833,0,3.55838975467216,0
"g__DTU014",6.55530051091189,0.175793565129555,1.93484973151467,14.1351786337781
"g__Cetobacterium_A",1.75511339952266,4.73298985910855,6.03935737232158,8.96280809422425
"g__Fusobacterium_A",7.36060009525671,3.77822766713104,5.00870773715348,7.1852041645689
"g__Fusobacterium_B",3.26767176546945,0,17.9299341275894,11.2643913652385
"g__Fusobacterium_C",10.4311652265212,0,5.92403369428623,0
"g__Leptotrichia_A_993758",0.446896648060587,0,10.8024604459396,0
"g__Sneathia",0.432554850633046,0,12.6332944305408,0
"`g__GWA2-37-10`",0.731656108731707,0,1.32742751486917,0
"g__Nanogingivalis",2.64125881105691,0,12.2115179318394,0
"g__Nanosynbacter",4.58744549238143,0,29.8862043375295,4.047296198188
"g__Nanosyncoccus",0.0418862979366751,0,10.7704121853911,0
"g__Saccharimonas",0.557159762088596,53.8413372780112,37.6194532947396,88.8332858306916
"`d__Bacteria_p__Proteobacteria_c__Alphaproteobacteria_o__RF32_f__CAG-239_g__`",7.24653854304131,0,0.98990694424676,0
"`g__51-20`",2.21657898985445,0,5.3849918475883,0
"`g__CAG-267`",2.86539071880612,0,2.16588387604661,0
"g__CAJLXD01",1.1845472392232,0,4.48688744985948,0
"g__Scatocola",4.91769306357923,0,3.46234792593751,3.04561674535736
"`g__CAG-977`",0.989487931686782,0,1.9428769110664,0
"g__UBA2903",0.776510828974946,0,6.53107490126178,0
"g__Agrobacterium",0.472786165247212,0,10.7848872557691,0
"g__Methylobacterium",0.352303719227901,0,10.8030585988759,0
"g__Bradyrhizobium",0.138584392824962,0,10.8219355983633,0
"g__Blastomonas",1.45927203103139,0,10.8388719925966,0
"g__Comamonas_F_589250",0.0351794354429653,0,10.8525177167446,0
"g__Oxalobacter_566322",42.7627673820692,0,2.77731072188721,0
"g__Aphodousia",3.37507780951529,0,10.8605930185638,0
"g__Duodenibacillus",10.8950600781201,1.99892626489672,7.82416976243445,9.51463282663034
"g__Mesosutterella",12.3820268495111,0.430167668267091,8.16620033688493,2.58508142636554
"g__Parasutterella",31.0037771421417,0,1.5458100020243,0
"g__Sutterella",11.982235487844,0,3.8233019247055,0
"g__Turicimonas",3.61966861946296,6.1817206975121,23.0686851641925,7.66587050721567
"g__Neisseria_563205",1.48069323878409,0,33.25751021491,0
"g__Citrobacter_A_692098",2.01013651517688,0,13.1370897134695,0.745946524988029
"g__Enterobacter_B_713587",13.0917755855803,0,0.0531597407394401,0
"g__Escherichia_710834",70.3429941854766,0,3.11599165934629,0
"g__Hafnia",0.635644317994264,0,10.9214746859337,0
"g__Klebsiella_724518",2.01361325811372,0,3.40237965890671,0
"g__Kluyvera_724999",0.558687960954393,0,11.074912880969,0
"g__Kosakonia_683478",0.00754910600734681,0,11.1548466293195,0
"g__Morganella",4.18722458536085,0,11.2246366739516,0
"g__Pantoea_A_680430",0.321777894555524,0,11.2805291592164,0
"g__Providencia_A_732258",0.415378610293629,0,11.3218879141411,0
"g__Yersinia",1.2385826926619,0,40.2092070647085,0
"g__Aggregatibacter_736122",0.782640295916031,0,11.3529893843794,0
"g__Aggregatibacter_736224",0.379444995929655,0,11.3749571243981,0
"g__Haemophilus_A",0.421371934056598,0,11.3887124077989,0
"g__Haemophilus_D_735815",18.3783244368595,1.31813704122151,3.89863781125051,4.18190932481843
"g__Mesocricetibacter",1.34810351813928,0,2.26500266564677,0
"g__Muribacter",0.558909849744513,0,11.3955985188524,0
"g__Rodentibacter_A_734545",0.812387674710039,0,11.3974212688337,0
"g__Succinivibrio",8.80046374966769,0,4.22989387155153,0
"g__Pseudomonas_E_647464",4.80561520086864,0,7.49600484599067,0
"g__Pseudomonas_E_650326",0.852843419011681,0,11.3929736373926,0
"g__Pseudomonas_F",1.27833628873269,0,7.34995769903868,0
"g__Acinetobacter",0.372184298726785,0,11.3831734952069,0
"g__Pseudoxanthomonas_A_615336",3.22413363354517,100,81.4271153660881,78.5118377748736
"g__Brachyspira",0.312818812975446,0,11.3426142416727,0
"g__Pyramidobacter",0.56653580718905,0,11.3035440267299,0
"g__Cloacibacillus",10.2722030902437,0,5.12702949430939,0
"g__UBA11452",6.83250489297514,0,2.32036296275382,0
"g__UBA1732",1.94635324008176,0,9.9387821090052,0
"g__Victivallis",2.67205871527977,0,4.92156216478919,0
"g__Merdousia",0.981769092400018,0,3.77772256587911,0
"g__QALA01",0.68155227118158,0,3.91435451304268,0
"g__Akkermansia",31.4827161593752,0,1.59625856616745,0.4145480572824
