"Variable","RF_Importance","Lasso_Importance","Ridge_Importance","Enet_Importance","XGBoost_Importance"
"age",15.5350382436896,0,11.3356136762005,0,19.769996604556
"sex",0.466366032620317,0,4.21834803227933,0,0
"cohort_number",11.3913640202632,0.0960322499392923,13.9654734061973,12.9447438641536,35.0257489055274
"race",0.0656422822475595,5.15329247224856,17.0693907064763,12.8573674997313,0
"ethnicity",0.236752643726981,0,2.20031381481942,0,0
"education",1.88006050185788,0,0.471196803115806,0,0
"g__Methanobrevibacter_A",5.50208790759497,0,0.0190699490547649,0,0
"g__Methanosphaera",0.0238511334334943,0,9.31885460762603,0,0
"g__Methanomassiliicoccus_A_1637",0.0193209896009613,0,5.42753161383223,0,0
"g__UBA71",0.00335385059843948,0,2.53460247121371,0,0
"g__Actinomyces",0.183417192257884,0,0.782334344090921,0,0
"g__Actinotignum",0.0102024955850691,0,5.3882242557601,0,0
"g__Gleimia",0.00532338327489158,0,5.40251453541343,0,0
"g__Mobiluncus",0.0383372740654748,0,5.42160829297626,0,0
"g__Pauljensenia",9.83885253356654,0,6.23252476516503,0,69.3671195822276
"g__Peptidiphaga",0.0279961583413471,0,14.3842108134461,0,0
"g__Varibaculum",0.0127739254006473,0,9.27595201479473,0,0
"g__Winkia",0.00877903726416059,0,5.43777115222721,0,0
"g__Alloscardovia",0.570111416607389,0,3.214057120122,0,0
"g__Bifidobacterium_388775",5.87494739033414,0,0.821115859870142,0,0
"g__Scardovia",0.163484591721791,0,53.6939090177133,0,0
"g__Arthrobacter_I_385749",0.0231043620828195,0,10.0907898055363,0,0
"g__Kocuria",0.0185064754466695,0,5.43720487108235,0,0
"g__Rothia",8.59501518543483,0,9.70139295281988,0,0
"g__Specibacter",0.0142616891445425,0,40.7640035765044,0,0
"g__Corynebacterium",0.260301591510729,0,0.14889808108235,0,0
"g__Lawsonella",3.13212998286488,90.8208007381124,57.8859275174201,70.5706437419242,0
"g__Atopobium",0.0547868933514104,0,2.69296357539855,0,0
"g__Fannyhessea",0.0015281941113923,0,33.9958495156732,0,0
"g__Lancefieldella",2.20695650943398,0,21.5601130929296,0.166763462093573,0
"`g__NM07-P-09`",0.000367363741949656,0,7.3936240001902,0,0
"g__Olegusella",0.00807509233371933,0,5.39086589197506,0,0
"g__Parolsenella",0.0995228570990906,0,18.7169803054582,0,0
"g__Thermophilibacter",0.00978016016805141,0,46.4781668247063,13.9232808794611,0
"g__UBA1367",0.00893477790257043,0,20.8814861128734,0,0
"g__Collinsella",32.2048326797575,1.85452969357797,3.89136451008394,0.200773185330153,100
"g__Adlercreutzia_404199",0.0544395387067072,0,9.0231280928927,0,0
"g__Adlercreutzia_404218",0.0166771242702567,0,5.35656394305048,0,0
"g__Adlercreutzia_404257",14.0898047254808,0,2.72809112062957,0,0
"`g__CAG-1427`",4.7667604078581,0,0.60160008915422,0,0
"g__Cryptobacterium",0.044396592151585,0,5.30374397898588,0,0
"g__Eggerthella",2.11549121713953,0,6.97382713789499,4.81864368977242,0
"g__Ellagibacter",0.102758337076805,0,4.53443035152223,0,0
"g__Gordonibacter",5.55523460567243,0,9.58307483995295,4.15596422851376,0
"g__Paraeggerthella",0.0197502144165224,0,7.81199438312472,0,0
"g__Raoultibacter",0.0210720039209218,0,9.86773705973417,0,0
"g__Rubneribacter",0.0359970377522898,0,5.27364525539186,0,0
"g__Senegalimassilia",2.48737068586107,0,3.62321325651715,0,0
"g__Slackia_A",3.91906490388959,0,2.85654716232815,0,18.3963483436668
"g__QAMH01",4.11752002184365,12.8098964233101,11.1192436075272,10.0819144455001,0
"g__Alloprevotella",0.124417256616322,0,1.15780490584231,0,0
"g__Bacteroides_H",7.36334136990583,0,0.119143638661649,0,0
"g__Paraprevotella",2.94307607919547,3.15221773743744,9.53373722725261,6.64071742345431,0
"g__Phocaeicola_A_858004",26.5431128542867,6.92947312605265,3.43128562352204,4.91362318282806,30.6152648190996
"g__Prevotella",5.73576630397052,0,0.0579443055421284,0,0
"g__Barnesiella",4.94223760197016,0,0.134521261750829,0,0
"g__CABJAA01",1.98915448268961,7.90221422195371,10.0549548472289,13.4242662189536,0
"g__Coprobacter",0.568015993139756,0,6.9223705748903,9.12080440608335,0
"g__Dysgonomonas",0.0087883985549091,0,2.61018138619763,0,0
"g__Seramator",0.277731091706934,0,87.3918244322272,9.81696832870517,0
"g__Butyricimonas",5.23844951888289,0,2.70976251318849,0,36.8688096437031
"g__Gabonibacter",0.0187524853163949,0,2.40062821164281,0,0
"g__Odoribacter_865974",9.31764774548223,0,3.78889153078338,0,35.1310375832026
"`g__CAG-1031`",0.0797759219792674,0,24.6513347589285,0,0
"`g__CAG-485`",0.000950341542003646,0,0.666764451870793,0,0
"`g__CAG-873`",0.0559857043191569,0,27.4338177452734,0,0
"g__Duncaniella",0.103507228076436,0,13.0481457539844,0,0
"g__Limisoma",0.0666452223914957,0,4.96426649655404,0,0
"g__Muribaculum",0.623275439290879,0,1.71227952668511,0,0
"g__Paramuribaculum",2.77807276425441,0,1.05202106335315,0,0
"g__Sodaliphilus",0.015936277268948,0,2.68089929868467,0,0
"g__UBA3263",0.122465906079285,0,2.56957821511754,0,0
"g__UBA7173",0.00977755833218877,0,5.29908159682672,0,0
"g__Porphyromonas_A_859424",0.691904882674883,0,2.17260116596856,0,0
"g__Porphyromonas_A_859426",1.44393117099848,0,9.96082494663964,0,0
"g__Alistipes_A_871400",4.96524402745368,0,0.44695278787104,0,0
"g__Alistipes_A_871404",3.09247017505074,0,1.60957833839473,0,0
"g__Rikenella",0.203205161699781,0,5.07102512175502,0,0
"g__Tidjanibacter",0.307079276831856,0,13.6269483977089,7.09572370776282,0
"g__Parabacteroides_B_862066",5.12149647195058,0,0.694597727651617,0,0
"g__UBA11471",1.02081262178039,0,9.63736367934091,0.114057392619649,0
"g__Coprenecus",2.9733816416972,0,1.26449526500284,0,0
"g__Cryptobacteroides",0.041462902689414,0,8.65470413661925,0,0
"g__Campylobacter_A",0.00556532306735323,0,5.024445079404,0,0
"g__Campylobacter_B",0.0196480063859625,0,1.65634223574131,0,0
"g__Helicobacter_C_479931",0.0133513928731763,0,2.86363085802277,0,0
"g__Helicobacter_D",0.100820980078678,0,26.2501164582306,0,0
"g__SIO2C1",0.0808771783645774,0,0.0508082209217409,0,0
"d__Bacteria_p__Cyanobacteria_c__Vampirovibrionia_o__Gastranaerophilales_f__Gastranaerophilaceae_g__",0.0100294445784344,0,2.48920018334764,0,0
"`g__CAG-196`",0.891506470863634,0,3.3540787833224,0,0
"g__Limenecus",0.0707889235184655,0,5.72671861735019,0,0
"g__Stercorousia",2.35532842734221,0,0.977882153011288,0,0
"g__UBA2813",0.0366885979291044,0,34.4210982646133,0,0
"g__UBA6984",0.0593825561147914,0,5.00011942625689,0,0
"g__Zag111",0.00920577157079498,0,2.43408971484086,0,0
"g__Mucispirillum",0.0138434299209123,0,7.10820292509814,0,0
"g__Desulfovibrio_R_446353",1.90928810772612,0,1.21775458548466,0,51.4698245414874
"g__Mailhella",0.913082893018086,0,2.85617990713293,0,0
"g__Nitratidesulfovibrio",0.182819639957104,0,5.02174974332569,0,0
"g__UBA1436",0.0703042993326874,0,1.91993988293941,0,0
"d__Bacteria_p__Firmicutes_A_c__Clostridia_258483_o___f___g__",3.91607861746551,0,3.40470284710841,0,0
"`d__Bacteria_p__Firmicutes_A_c__Clostridia_258483_o__Acetivibrionales_f__DSM-8532_g__`",33.648490853825,1.07610870739053,8.31570472624734,6.35614969237693,0
"d__Bacteria_p__Firmicutes_A_c__Clostridia_258483_o__Christensenellales_f___g__",6.03935235424926,0,0.670630626356107,0,0
"d__Bacteria_p__Firmicutes_A_c__Clostridia_258483_o__Christensenellales_f__Borkfalkiaceae_g__",0.0520859155482667,0,5.08306490295596,0,0
"g__Borkfalkia",0.65455480302056,0,3.67985747436295,0,0
"g__UBA1259",0.0554706487855948,0,5.50991139396173,0,0
"`d__Bacteria_p__Firmicutes_A_c__Clostridia_258483_o__Christensenellales_f__CAG-138_g__`",4.65276586293489,0,3.96514658859358,0,0
"g__Aphodomorpha",0.112270746169703,0,0.39883784013509,0,0
"`g__CAG-1024`",1.99458945455996,0,11.868151103576,0,0
"g__PeH17",0.528911321561617,0,1.0998441333567,0,0
"g__SFDB01",0.174979266762389,0,5.14563118894535,0,0
"`g__CAG-314`",1.56546328793146,0,5.82171987736943,0,0
"`d__Bacteria_p__Firmicutes_A_c__Clostridia_258483_o__Christensenellales_f__CAG-552_g__`",0.177780861709406,0,5.14914155008888,0,0
"`d__Bacteria_p__Firmicutes_A_c__Clostridia_258483_o__Christensenellales_f__CAG-74_g__`",3.2707948938967,0,1.17768480593198,0,0
"g__Limiplasma",1.24470513315675,0,1.69542487139832,0,0
"g__Onthenecus",4.72326554678916,0,1.35966757768764,0,0
"g__SFMI01",3.8670904646991,0,1.97601404956302,0,51.9932438397204
"`g__CAG-349`",0.363178925558583,0,9.62865786136354,0,0
"`g__CAG-475`",0.221194388085241,0,3.79907949699185,0,0
"d__Bacteria_p__Firmicutes_A_c__Clostridia_258483_o__Christensenellales_f__Christensenellaceae_g__",10.6477768987827,19.2766226722438,17.8525730805257,20.2519460244279,0
"g__Christensenella",2.1816905590621,0,0.951849716088066,0,0
"`g__GCA-900066905`",0.202377960869474,0,25.5771350783069,19.0103768709119,0
"`g__MARSEILLE-P3954`",0.00152660699215874,0,27.9678598431766,0,0
"g__Clostridium_J",0.0953659893687952,0,1.66079135923946,0,0
"g__Clostridium_P",1.90147713836316,0,0.310418710552051,0,0
"g__Clostridium_T",25.940409631464,0.789000176254601,3.64645601454215,0.133708583136826,0
"g__Dwaynesavagella",0.0621402773527232,0,3.70999465866499,0,0
"g__Inconstantimicrobium",0.0454192772204301,0,4.98915777389969,0,0
"d__Bacteria_p__Firmicutes_A_c__Clostridia_258483_o__Eubacteriales_258471_f__Anaerofustaceae_g__",0.0761978454101769,0,4.17502382257293,0,0
"g__Anaerofustis",1.37170271572735,0,4.52668757975487,0,23.1596313951481
"g__Eubacterium_O_258270",0.515230380511807,0,0.372245038255733,0,0
"g__Ructibacterium",0.169461735635872,0,5.13099485917076,0,0
"d__Bacteria_p__Firmicutes_A_c__Clostridia_258483_o__Lachnospirales_f___g__",6.99025692863601,0,5.97087421995867,0,0
"d__Bacteria_p__Firmicutes_A_c__Clostridia_258483_o__Lachnospirales_f__Anaerotignaceae_g__",4.82724902510846,0,3.57914963584853,0,0
"g__Anaerotignum_189125",4.44654073917303,0,0.856816605382673,0,81.1780994297493
"g__Anaerotignum_189163",0.0246608874071158,0,7.89738650874622,0,0
"`g__CAG-274`",7.4473110324697,0,4.49782500483622,0,0
"d__Bacteria_p__Firmicutes_A_c__Clostridia_258483_o__Lachnospirales_f__Cellulosilyticaceae_g__",0.93790826115906,0,14.169551574921,0,0
"g__Cellulosilyticum",0.0318537421559869,0,4.89140930165973,0,0
"d__Bacteria_p__Firmicutes_A_c__Clostridia_258483_o__Lachnospirales_f__Lachnospiraceae_g__",7.12034421564043,0,0.493388675980868,0,0
"`g__14-2`",0.0043678598820742,0,7.41826858381683,0,0
"`g__1XD42-69`",0.0597934987747258,0,13.5264240102064,0,0
"g__Acetatifactor",12.3012037887098,0,2.51255259065293,0,0
"g__Acetitomaculum",0.0152782069405924,0,4.82943065393621,0,0
"`g__AF33-28`",0.126563278460832,0,3.00519565797211,0,0
"g__Agathobacter_164117",4.40064900352391,0,0.363683666658789,0,0
"`g__AM51-8`",3.04262338294835,0,4.564584928005,0,0
"g__Anaerobutyricum",4.43243913322692,0,1.25175046586926,0,0
"g__Anaerostipes",3.28574369057729,0,0.810922946437669,0,0
"g__Bacteroides_F",0.0184693548245466,0,1.68170796031121,0,0
"g__Bariatricus",9.12455293430658,0,1.45038166965556,0,0
"g__Blautia_A_141780",7.08346943982767,0,0.445822737045623,0,0
"g__Blautia_A_141781",3.30163766674901,0,0.183207275006906,0,0
"g__Butyribacter",9.86673154673644,0,0.269500945776478,0,30.9963403037456
"g__Butyrivibrio_A_180067",0.605224555043358,0,2.86985585471113,0,0
"`g__CAG-127`",15.9660778581509,0,6.30040537525757,6.8140838074441,0
"`g__CAG-194`",0.00333687573511213,5.62468352368437,41.4817601051247,25.6134794737537,0
"`g__CAG-317_146760`",7.96385751744327,0,1.50887342823356,0,0
"`g__CAG-45`",3.80056155050925,0,0.147879328538349,0,0
"`g__CAG-56`",0.000164244751700842,0,1.48845580418197,0,0
"`g__CAG-603`",0.0522220972726416,0,4.72299949302778,0,0
"`g__CAG-632`",0.249746600732808,0,10.3458772965479,0,0
"`g__CAG-791`",0.193295872401017,0,4.7627727364318,0,0
"`g__CAG-95`",2.8832436955083,0,1.21930283804953,0,0
"g__Catenibacillus",2.06489718059617,0,1.16310188115192,0,0
"g__Catonella",0.00263829329303734,0,4.81047821033805,0,0
"g__Choladousia",0.0375780565806105,0,25.4162293162072,0,0
"g__Clostridium_AP",2.34092360764014,0,6.40993246389296,0,0
"g__Clostridium_N_143832",0.115573225916504,0,10.9842138466101,0,0
"g__Clostridium_Q_134516",2.05748465459221,0,3.11906120289207,0,0
"g__Clostridium_Q_134526",0.469512773794687,0,1.83527732873815,0,0
"g__Clostridium_Q_135822",4.85548262392242,0,3.76343146184405,0,0
"g__Clostridium_Q_135853",2.26829456884385,0,4.14457548285162,1.85473474276992,0
"g__COE1",0.700793891094218,0,5.11816743173382,0,0
"g__Coprococcus_A_121497",2.24386703009043,0,0.839581428438217,0,11.7155340543192
"g__Coprococcus_A_187866",2.14598265632202,0,0.455006872513207,0,0
"g__Copromonas",2.15228406183836,0,0.45527836945396,0,0
"g__Cuneatibacter",0.242788121141246,24.7060957746233,38.808601873446,36.9323368540921,0
"g__Dorea_A",100,2.18963972581716,2.49466513437878,1.8176655536726,95.5968517944856
"g__Eisenbergiella",5.7626128852751,0,0.938642502877912,0,0
"g__Enterocloster",10.09599639151,0,0.95866563435775,0,0
"g__Eubacterium_F",3.76922094290501,0,0.662238216134087,0,0
"g__Eubacterium_G",2.03684038303902,0,0.0327094136082557,0,0
"g__Eubacterium_I",15.9697522248956,0,3.16194997783708,0,16.8009164488762
"g__Eubacterium_J",10.3488151791522,0,0.279025997072803,0,33.5384619762068
"g__Eubacterium_S",0.0158511566170489,0,9.19236763253371,0,0
"g__Extibacter",0.103936274563576,0,7.4048067063589,0,0
"g__Faecalimonas",0.559438861700591,1.41660176862212,3.88653526293206,3.46477550729435,0
"g__Fimimorpha",0.283733587093876,0,44.1290446422832,0,0
"g__Fimousia",0.160904976109111,0,4.92253291297735,0,0
"g__Frisingicoccus",3.99646028868293,0,3.34586179301327,0,0
"g__Fusicatenibacter",4.47587197129292,0.118086600422679,11.6168188892322,2.74334424719413,14.7247508901185
"g__G11",0.00342919399134789,0,4.96334039487513,0,0
"g__Hespellia",0.0105104519065619,0,4.96681218300801,0,0
"g__Howardella",2.3699858380592,0,6.2377400101684,0,22.7584159808536
"g__Hungatella_A_127239",9.21872825364793,3.94566421013997,12.2167945074926,9.65888637097875,0
"g__Hungatella_A_128155",1.23415795033462,36.9363410428519,14.2874182879016,14.9616260825169,0
"g__Johnsonella",0.246276265545573,0,27.9436121783249,0,0
"g__Kineothrix",0.213082214900507,0,1.85519868984327,0,0
"g__Lachnoanaerobaculum",0.00913898918787015,0,20.2841022375034,0,0
"g__Lachnoclostridium_A_130679",0.265474155964695,0,1.57605579500489,0,0
"g__Lachnoclostridium_B",6.42639168911378,0,3.71767532366929,0,0
"g__Lachnospira",10.2840165602994,0,1.28435762936425,0,0
"g__Lactonifactor",0.550393778321908,0,4.61786854742522,0,0
"g__Limivivens",2.40367471439273,0,0.67966558952884,0,0
"g__Marvinbryantia",1.24779412328517,0,5.49411745174321,0,0
"g__Massilistercora",1.85070499050152,0,6.90849911737878,0,0
"g__Mediterraneibacter_A_155507",3.87865097021043,0,1.51676675010363,0,0
"g__Mediterraneibacter_A_155590",4.17361363547189,0,4.06659057814298,0,46.067252846475
"g__Merdimonas",0.133501764080159,0,1.27283662305327,0,0
"g__Merdisoma",3.9499574946909,0,2.47774577055776,0,0
"g__Muricomes_149725",0.854148583373682,0,0.597980855206144,0,0
"g__Murimonas",0.0110562087663131,0,4.95628893896617,0,0
"g__Oliverpabstia",7.18163140926709,0.658588417004713,3.71111474447419,3.3438583918768,0
"g__Oribacterium",1.02167352525806,0,4.75540080440422,0,0
"g__Paralachnospira",0.74393956816881,0,5.08709748677837,0,0
"g__Porcincola",3.44099244406787,0,1.04391622564572,0,22.5179369766482
"g__Robinsoniella",0.0117924085680079,0,4.87603457021598,0,0
"g__Roseburia",26.3326172685485,2.19010581289958,3.10399951164082,2.97484770897723,0
"g__RUG115",2.17634894257098,0,1.62727951143007,0,0
"g__Ruminococcus_B",2.91161288983453,0,2.86845107399318,0,0
"g__Ruminococcus_G",0.0021373973387784,0,4.77844028302016,0,0
"g__Scatomonas",3.82221984673821,0.315441218877083,8.12309024776817,3.10931914456249,0
"g__Schaedlerella",4.92474285470022,0,3.27234582843531,0,0
"g__Sellimonas",4.1483258525604,0,0.574043427175151,0,0
"g__Sporofaciens",0.109778070713802,0,5.24629905540948,0,0
"g__UBA3282",0.0115558505614048,0,2.36494548988904,0,0
"g__UBA3402",0.727538173771115,0,0.790563886846517,0,0
"g__UBA9414",2.48894559771054,0,5.41288736516117,0,0
"g__UMGS1375",3.33532125590999,0,5.10931073755907,2.53396160344341,0
"g__Velocimicrobium",0.0902203340718878,0,4.71094502476214,0,0
"g__Ventrimonas",1.91549709934506,0,0.875705106672202,0,0
"g__Ventrisoma",1.19430055850576,0,0.312145717224361,0,0
"g__VUNI01",0.000558724935246975,0,4.70530540070246,0,0
"g__Monoglobus",1.61328347112305,0,0.0375518525686867,0,0
"d__Bacteria_p__Firmicutes_A_c__Clostridia_258483_o__Oscillospirales_f___g__",0.0560069482330708,0,2.36169110490005,0,0
"d__Bacteria_p__Firmicutes_A_c__Clostridia_258483_o__Oscillospirales_f__Acutalibacteraceae_g__",3.16822787796809,0,0.286984858622378,0,0
"g__Acutalibacter",2.39690979172382,0,0.638239528316053,0,0
"g__Anaeromassilibacillus",5.92379812744732,0,3.27708424770813,0,0
"g__Caccousia",5.15914616174036,14.9901955818915,10.0193220656174,8.72077436670047,0
"`g__CAG-177`",1.07072042711914,0,2.45990027413731,0,0
"`g__CAG-217`",2.63299964149358,0,3.42800426174748,0.110692959114245,8.10621954296185
"`g__CAG-488`",0.0708791793996193,0,0.580026683105014,0,0
"`g__CAG-964`",0.428563394080207,0,1.82596237909571,0,0
"g__Caproicibacterium",0.546296791093587,0,15.0359842204078,0,0
"g__Caproiciproducens",0.882805256271688,0,7.391588870119,0,0
"g__Clostridium_A",3.85131775821399,0,0.833050963723444,0,0
"g__Clostridium_E",0.329079998668916,100,93.7641880671918,100,0
"g__Eubacterium_R",1.99795355511271,0,0.26705769411159,0,0
"g__Fimenecus",1.97365071695495,1.64602566935921,6.28022564736456,10.0720334401545,0
"g__Hydrogeniiclostridium",0.54457209910318,0,8.10441384217281,0,0
"g__Limousia",0.0372112648643454,0,4.84411132122924,0,0
"g__Pseudoruminococcus_A",0.655792465080144,0,0.22467659502217,0,0
"g__RUG762",0.00563701915913549,0,3.46792885188958,0,0
"g__Ruminococcus_E",3.42749829286615,0,0.431457984650666,0,0
"g__Scatavimonas",0.000172354177576612,0,4.95561065309274,0,0
"g__Solibaculum",0.299701539417463,0,2.95697892533029,0,0
"g__UBA1417",8.69872779769299,0,4.2993894589014,1.91164956023224,0
"g__UBA5905",1.42468928805959,0,6.55286978459321,0,0
"g__UBA737",0.629583283003185,0,4.65220200066372,0,0
"g__UMGS1071",8.91522538264637,18.7977814452997,9.16804973360337,8.21923019704283,0
"d__Bacteria_p__Firmicutes_A_c__Clostridia_258483_o__Oscillospirales_f__Butyricicoccaceae_g__",0.33525945454478,0,14.6278449382937,1.56859163591914,0
"g__Agathobaculum",6.86585394812217,0,0.848690577087386,0,0
"g__Butyricicoccus_A_77030",2.21164606679299,0,0.722343109667677,0,0
"g__Butyricicoccus_A_77419",0.465658984758031,0,3.02998829863138,0,0
"g__Intestinibacillus",0.00268586771552836,0,5.00113934784204,0,0
"g__Pseudobutyricicoccus",2.19065201952167,0,4.55733778591888,0,0
"g__Avispirillum",1.31266674496082,0,1.94370407674018,0,13.7747725512129
"g__QALR01",0.149400070040384,0,2.47223379017571,0,0
"g__RUG13077",3.83226591449968,0,2.16122875741284,0,0
"g__SFLA01",0.324232210537868,0,0.0385594060525584,0,0
"d__Bacteria_p__Firmicutes_A_c__Clostridia_258483_o__Oscillospirales_f__Ethanoligenenaceae_g__",0.0057030047083777,0,20.2399447935208,0,0
"d__Bacteria_p__Firmicutes_A_c__Clostridia_258483_o__Oscillospirales_f__Oscillospiraceae_88309_g__",2.21965870522748,0,0.147411175121446,0,24.8589074082694
"`g__CAG-83`",3.26309725960244,0,0.818899286995895,0,39.0830345843558
"g__Dysosmobacter",8.52646594741199,0,1.60284412467369,0,26.4589538676325
"g__Enterenecus",0.0713639490033896,0,2.34426671449901,0,0
"g__ER4",5.07876495307728,0,3.08195266158438,3.32854173368345,0
"g__Evtepia",2.5290295980912,0,1.10814938768733,0,0
"g__Faecousia",4.89187368940701,0,0.318991498070513,0,0
"g__Intestinimonas",1.69164918313369,0,3.55746107785447,0,0
"g__Lawsonibacter",3.23733381789952,0,0.304642580284541,0,0
"g__Limivicinus",3.85128334997687,0,0.0451807990344248,0,0
"`g__Marseille-P3106`",0.116245551592993,0,5.10664117124964,0,0
"g__Onthomonas",28.2596192507104,1.63397247067929,7.09622710270283,5.3492670687956,0
"g__Pseudoflavonifractor_80958",0.0111971039856409,0,13.9905647222763,0,0
"g__UBA2658",1.241513305156,18.851742652529,25.7513099518902,9.00661970084623,0
"g__Vescimonas",6.89426104368743,0,0.456276279021008,0,86.6385045688202
"g__WQUU01",2.57397146764694,0,4.39662952267193,0,0
"g__WRMH01",0.206218170185789,0,17.5624327155905,0,0
"d__Bacteria_p__Firmicutes_A_c__Clostridia_258483_o__Oscillospirales_f__QAKW01_g__",13.0121660072275,9.31194112950952,12.101982402762,4.20079240893197,32.1244426590923
"g__QAKW01",0.0478436866298867,0,12.1058559662047,0.877814411430357,0
"d__Bacteria_p__Firmicutes_A_c__Clostridia_258483_o__Oscillospirales_f__Ruminococcaceae_g__",5.056100298373,8.18348314823868,10.4176029075585,1.76330442425458,14.0600164796497
"g__Acetanaerobacterium",0.110718249404862,33.9218155361302,61.1245218021994,33.4861152106424,0
"g__Anaerofilum_74150",1.97605773022603,0,0.487477299621849,0,0
"g__Anaerotruncus",7.76200022500052,0,1.54009543317209,0,23.8731087398613
"g__Angelakisella",2.05610400075811,0,4.66898838737198,0,0
"g__Bittarella",15.3968226459531,18.1411146148186,15.5871103290338,6.52452996495123,0
"`g__CAG-353`",0.0433630341608184,0,14.4638165596381,0,0
"g__Faecalibacterium",3.45340534894132,0,0.278619832654568,0,0
"g__Fimivivens",0.147055805109143,0,6.89117164393361,0,0
"g__Fournierella",0.0021821767762866,0,5.19418287296811,0,0
"g__Gemmiger_A_73129",15.165916612164,0,0.674556600871759,0,0
"g__Gemmiger_A_73276",0.0207759668740467,0,5.17184427912845,0,0
"g__Harryflintia",0.0440193663455937,13.0143175196038,46.361779340812,26.5272196798627,0
"g__Hydrogenoanaerobacterium",0.0550827256672632,0,11.2044955882013,2.03599348566831,0
"`g__Marseille-P2935`",0.0139700185944327,0,12.5009098655463,0,0
"g__Massiliimalia_59888",0.172818411049435,0,10.6744171568301,0,0
"g__Massiliimalia_59910",0.118366118496779,0,17.2713625436586,0,0
"g__Massilioclostridium",6.17946832509344,0,8.28628217578288,0,13.7759763506666
"g__Negativibacillus",6.03779068164335,0,1.13123595940096,0,18.6031282589222
"g__Neobittarella",1.48399313969629,0,7.19002463772402,0,0
"g__Paludicola",1.82177389002635,0,0.854330243882336,0,0
"g__Phocea",5.47847215192386,0,5.46096067972894,0,15.9569399476252
"g__Pygmaiobacter",0.139775987256471,0,3.49528797065396,0,0
"g__QAMM01",0.671327439297106,0,6.25684816308277,0,0
"g__Ruminiclostridium_E",4.24106820487617,0,1.28260198016358,0,0
"g__Ruminococcus_C_58660",4.88033180494405,0,1.64589906763034,0,23.2193617353156
"g__Ruminococcus_C_59129",0.218899432499274,0,9.14877954370927,2.03945168161506,0
"g__Ruminococcus_D",7.77166799908968,0,3.14803622451517,0,0
"g__Ruminococcus_F",0.0315983773268185,0,8.05181489017313,0,0
"g__Ruthenibacterium",6.88072313047445,0,3.91829828906188,2.69341142272794,75.909229727397
"g__Soleaferrea",0.143977106483761,0,1.12295399335696,0,0
"g__UBA1394",0.720229856425281,0,4.59320847225979,0,0
"g__UBA946",0.00343358684865638,0,5.09594627687826,0,0
"g__UBA644",2.60839537985488,0,1.47850915948931,0,0
"g__WRAI01",0.99235460122624,0,13.3319421010442,0,0
"d__Bacteria_p__Firmicutes_A_c__Clostridia_258483_o__Peptostreptococcales_f___g__",0.00149899879433845,0,4.99312593201933,0,0
"d__Bacteria_p__Firmicutes_A_c__Clostridia_258483_o__Peptostreptococcales_f__Anaerovoracaceae_g__",8.75675180630834,0,2.95096799481384,2.1264104480786,0
"g__Alterileibacterium",0.119369394357032,0,4.90184831460744,0,0
"g__BX12",4.73326348100561,0,4.0471013335262,0,43.0019964101971
"g__Copromorpha",8.67318578807892,0,0.976041177701602,0,0
"g__Emergencia",5.66046880053805,0,9.06054588399753,2.00657524637737,0
"g__Eubacterium_B",0.13360010199139,0,41.2375072520358,0,0
"g__Eubacterium_M",0.0154894164688712,0,13.0473906029055,0,0
"g__Eubacterium_N",0.619103208244645,0,11.9415931030833,0,0
"g__Hornefia",0.074236327253926,0,48.7301055773955,0,0
"g__Mogibacterium",0.769035779125855,0,8.51746372963821,0,0
"g__PHAE01",0.130837023416914,0,25.7151810478672,0,0
"g__RUG11894",8.83130066220707e-05,0,4.79620081500546,0,0
"`g__S5-A14a`",0.00694777558464844,0,5.48610011707707,0,0
"g__VUNA01",18.9708390749048,39.683082512652,21.4331384973398,22.4563683349608,44.3271424967326
"d__Bacteria_p__Firmicutes_A_c__Clostridia_258483_o__Peptostreptococcales_f__Peptostreptococcaceae_256921_g__",0.910406313893405,0,3.04976037006206,0,0
"`g__CCUG-7971`",1.98773532892913,0,1.76090795954564,0,0
"g__Clostridioides_A",0.11149775815683,0,4.7356286026378,0,0
"`g__GCA-900066495`",0.0147456686687379,0,1.5568693880636,0,0
"g__Intestinibacter",15.171350206537,0,6.04469541628721,5.51225528980929,0
"g__Paraclostridium",0.0381794955585991,0,1.23203141004591,0,0
"g__Peptacetobacter",0.448091157717697,0,4.80536694422288,0,0
"g__Peptostreptococcus",0.062934772504362,0,0.174419276011894,0,0
"g__Romboutsia_B",11.8690641654945,0,2.96959651611944,0,0
"g__Romboutsia_D",0.117864012598454,0,15.4867098099425,0,0
"g__Terrisporobacter",39.7387669345246,0,6.93301604142998,0,14.2080336541471
"g__SFGY01",0.00501459758279031,0,4.66287488581151,0,0
"g__Fastidiosipila",0.0305841984441032,0,25.9570964582421,0,0
"`d__Bacteria_p__Firmicutes_A_c__Clostridia_258483_o__TANB77_f__CAG-508_g__`",2.06821952605714,2.66188416166492,5.26508663067008,7.64992353391049,65.5364911011497
"`g__CAG-269`",6.23140185978474,0,0.714135492731723,0,0
"`g__CAG-273`",5.87922014490036,0,3.06499643889281,0,0
"`g__CAG-793`",2.67634836675663,0,21.2104534417444,0,0
"g__Merdicola",3.00904263667777,0,1.55112911888509,0,0
"g__UMGS1994",0.00243832786627279,0,2.32262006882268,0,0
"g__Anaerococcus",0.327058080350717,0,3.1697505452548,0,0
"g__Ezakiella",0.155447108824023,0,17.8443747279357,0,0
"g__Fenollaria",0.687148895174985,0,7.0580847226248,0,0
"g__Finegoldia",1.42809854311627,0,14.7243767968292,4.44413615261068,7.81245143763567
"g__KA00134",0.00322349425189747,0,4.74232953449516,0,0
"g__Lagierella",0.0361983445027143,0,2.37916286265737,0,0
"g__Murdochiella_225299",0.0199816657526108,0,2.1403648093309,0,0
"g__Murdochiella_225317",0.145534567157071,0,4.81752828055078,0,0
"g__Parvimonas",22.5672219023435,14.737972911648,26.8311501444839,12.888139859577,25.3970367710392
"g__Peptoniphilus_A",0.0471193688225611,0,2.73213396865876,0,0
"g__Peptoniphilus_B_226777",0.330222634992269,0,12.8575722304398,0,0
"g__Peptoniphilus_C",0.0583919409771605,0,7.91978747859457,0,0
"g__Peptoniphilus_E",0.0157100863272737,0,4.88321492428673,0,0
"g__Urinicoccus",0.117073651961509,0,1.61580641154454,0,0
"g__W5053",0.000957909819912603,0,4.85772927796774,0,0
"`g__CAG-41`",10.9108938986403,0,2.49119338851548,0,33.0770201104548
"d__Bacteria_p__Firmicutes_B_370539_c__Dehalobacteriia_o__Dehalobacteriales_f__Dehalobacteriaceae_g__",0.0308802468667686,0,32.1471894849633,8.48358655694767,0
"`g__BICA1-8`",0.406376161866679,0,27.8636092616649,0.700599668917287,0
"g__Peptococcus",2.44248179296827,0,3.57061950037536,0,0
"g__Acidaminococcus",7.97322944638514,0,2.99158045891344,0,54.4474443775343
"g__Phascolarctobacterium_A",5.66756160230946,0,0.903318499134457,0,0
"g__Massilibacillus",0.0182491841995713,0,3.1818092166189,0,0
"g__Anaerovibrio",0.00296937911236235,0,14.6879273540571,0,0
"g__Centipeda",0.00520166330236009,0,4.86403200859745,0,0
"g__Megamonas",0.000192915522721765,0,4.88841684500085,0,0
"g__Mitsuokella",0.271077998218603,0,0.51516057959684,0,0
"g__Allisonella",2.50021988290679,0,2.39049009958409,0,38.0852453438131
"g__Dialister",6.29963824817075,0,0.378195012379136,0,0
"g__UBA5809",0.136146189720439,0,4.9232963536253,0,0
"g__Anaeroglobus",0.396526989753264,0,68.3372866075638,0,0
"g__Caecibacter",0.00995886752668562,0,32.1189045881477,0.116188171322271,0
"g__Megasphaera_A_38685",1.03626910062589,0,1.86567962765868,0,0
"g__Megasphaera_A_38692",0.00701177740890742,0,4.95510677453836,0,0
"d__Bacteria_p__Firmicutes_C_c__Negativicutes_o__Veillonellales_f__Negativicoccaceae_g__",0.170619606679199,60.721677400421,86.6543773939188,78.6693173426275,0
"g__Negativicoccus",0.0749235490204743,0,8.03450383365753,0,0
"g__Veillonella_A",36.8288335998417,0,3.27320871922215,0,65.0270942426139
"`g__CAG-307`",0.0646033376673759,0,4.98144043642014,0,0
"g__Rummeliibacillus",0.0157648963374858,0,4.99003329086275,0,0
"g__Weizmannia",0.0255974126432788,0,27.5031442790353,0,0
"d__Bacteria_p__Firmicutes_D_c__Bacilli_o__Bacillales_B_306089_f__Anoxybacillaceae_g__",0.00204521082283135,0,100,0,0
"g__Geobacillus",0.183430260546751,0,4.97584052983546,0,0
"g__Bacillus_P_294101",0.0392613078031745,0,3.48409092665701,0,0
"g__Bacillus_A",0.00694406300485338,0,31.2830632149128,0,0
"g__Sporolactobacillus",0.00960087631622655,0,13.9957952395977,0,0
"d__Bacteria_p__Firmicutes_D_c__Bacilli_o__Erysipelotrichales_f__Coprobacillaceae_g__",12.0191799136445,0,1.43085861944404,0,0
"g__Beduini",0.277038086536952,0,4.9329260603845,0,0
"g__Catenibacterium",1.52969237243793,0,1.05855592756425,0,16.1383324619771
"g__Coprobacillus",0.163741866030519,0,6.53088901259298,0,0
"g__Erysipelatoclostridium",7.34280089858597,0,0.617669640834973,0,0
"g__Faecalibacillus",4.04784106427908,0,0.558422350088634,0,0
"g__Fimiplasma",0.131247251507258,0,4.6143869221956,0,0
"g__Longibaculum",0.537862122835858,0,0.0379407646156917,0,0
"g__Stoquefichus",0.0485612956737212,0,42.6995780408503,24.0561348024974,0
"g__Absicoccus",0.0141169664779167,0,8.28455663768758,0,0
"g__Allobaculum",0.0477965726258231,0,4.91921420296202,0,0
"g__Amedibacillus",0.12003355354957,0,0.118583049330577,0,0
"g__Amedibacterium",1.38880224089341,0,22.4582361081582,0,0
"g__Bulleidia",1.12476737442173,0,0.466471198563902,0,0
"`g__C-19`",0.0371438257490219,0,4.92717727970811,0,0
"g__Clostridium_AQ",15.2443353591943,0,7.02678897876809,1.98064554319823,0
"g__Dielma",1.38377560801972,0,4.69452759410636,0,0
"`g__DONG20-135`",0.0190137567913026,0,4.96191650761855,0,0
"g__Dubosiella",0.25306170651755,0,1.98584202432361,0,0
"g__Faecalibaculum",0.00657749711900174,0,11.8397987963702,0,0
"g__Faecalicoccus",0.599709658888469,0,0,0,0
"g__Faecalitalea",0.104695921488063,0,7.5179808051781,1.16221028342712,0
"g__Holdemanella",1.22768724922026,0,0.983441947672944,0,0
"g__Holdemania",9.45398817544954,0,5.57896148077013,0,0
"g__Ileibacterium",0.0116713612222537,0,5.01844894742042,0,0
"g__Longicatena",0.968470375155996,2.39686844099037,6.98910121308564,5.18959581089215,0
"g__Massilicoli",0.0345287303306148,17.0726787508639,32.0160932381409,0,0
"g__Merdibacter",2.91184234448644,0,1.10045729516084,0,0
"`g__NSJ-61`",0.0603493467674018,0,10.8102274451159,0,0
"g__Traorella",0.460998353515323,0,34.5840146819238,0,0
"g__UBA636",0.000275333755961539,0,5.11195837340006,0,0
"g__Exiguobacterium_A",0.133334512920773,0,5.14769249202217,0,0
"g__Turicibacter",4.63918741005382,0,0.946479906795759,0,0
"g__Abiotrophia",0.0145397084857903,0,5.17813256561492,0,0
"g__Facklamia_A_322620",0.00141084330347444,0,5.19593658872798,0,0
"g__Facklamia_A_322655",0,0,5.20681171045791,0,0
"g__Granulicatella",9.55316396858963,0,6.38762959670948,0,0
"g__Enterococcus_A",0.0113020180083294,0,20.5672183392831,0,0
"g__Enterococcus_B",0.0177737356422034,0,5.20021989003218,0,0
"g__Enterococcus_D",0.0179560960042709,0,5.2003016234602,0,0
"g__Enterococcus_E",0.038759863330911,0,21.9043694655101,0,0
"g__Enterococcus_H_360604",0.475343017699338,0,3.98812510617746,0,0
"g__Companilactobacillus",0.0163343823892702,0,2.59490476583345,0,0
"g__Dellaglioa",0.00848477001478587,67.5108425341064,72.514203645251,47.7594196954953,0
"g__Fructilactobacillus",0.0152629545560386,0,21.2930484733495,0,0
"g__Lacticaseibacillus",4.45692926436024,13.1713125268352,10.457080087633,13.240203796972,0
"g__Lactiplantibacillus",0.389404012363841,0,6.83670914160185,0,0
"g__Lactobacillus",1.55772955246518,5.67229663039635,8.59862429258383,10.9533575135781,0
"g__Latilactobacillus",0.513827761252738,0,6.74046905980611,0,0
"g__Leuconostoc_B",1.2426749842927,0,2.43094382829953,0,0
"g__Levilactobacillus",0.0186245215260258,0,5.14977618885506,0,0
"g__Ligilactobacillus",1.37915154127148,0,0.00391167542592676,0,0
"g__Limosilactobacillus",0.514693013927487,0,4.21685154913223,0,0
"g__Pediococcus",0.0166644126947016,0,12.7231472808002,0,0
"g__Weissella_A_338544",0.190171205050519,0,14.6711882271297,0,0
"g__Weissella_A_338546",0.0547101996755544,0,24.7008649322677,0,0
"g__Lactococcus_A_343306",0.0277732460610034,0,5.04867642046897,0,0
"g__Lactococcus_A_343473",0.0410302218163643,0,3.05076424552649,0,0
"g__Lactococcus_A_346120",1.9646394514751,1.19796538991848,7.6046522145976,5.68349957251023,0
"g__Streptococcus",7.84054322537038,0,1.02854124381877,0,0
"`g__CAG-313`",0.285135730913334,0,2.69959016464074,0,0
"d__Bacteria_p__Firmicutes_D_c__Bacilli_o__RF39_f__UBA660_g__",0.0323089175545141,0,2.24780504157005,0,0
"`g__CAG-302`",0.163012928520621,0,3.2147594127018,0,0
"`g__CAG-417`",0.241067894334157,2.2649610699639,8.51109977830759,4.2716329757003,0
"`g__CAG-628`",0.0836438550561593,0,2.50338745633656,0,0
"`g__CAG-710`",0.00490745585354771,0,5.03865254269153,0,0
"g__Coprosoma",0.146207932144186,0,12.9267633726701,0,0
"g__Onthocola_B",0.447969729370902,0,9.22874614942849,0,0
"g__RUG13038",1.34427606511857,0,2.95738044299392,0,0
"g__Scybalousia",0.0191609262993627,0,11.5234907552933,0,0
"g__UBA2730",0.031509894370346,0,5.07803089059745,0,0
"g__UBA3789",0.00813870673438257,0,0.388112508154295,0,0
"g__UBA5026",0.00823763819477326,0,11.3894248281442,0,0
"g__UBA6985",0.044109517640457,0,12.6480045043616,0,0
"g__UMGS1449",0.178537295158053,0,7.29968850023638,0,0
"g__UMGS872",0.0774795067142217,0,12.1145306339131,0,0
"`g__CAG-345`",0.201297250933272,0,5.13444983791572,0,0
"g__Scatoplasma",0.00367795753471818,0,5.18190260545479,0,0
"g__Enteromonas",0.00499683919096863,0,5.22483650455709,0,0
"g__Gemella",3.21589950636964,0,2.38475069542226,0,0
"g__Staphylococcus",0.123369749045209,0,7.64044773202377,0,0
"g__DTU012",4.62059035008121,0,4.06998429120962,0,0
"g__DTU014",1.30214987531449,0,4.85262048316111,0,0
"g__Cetobacterium_A",0.176343997048957,0.396500025796069,10.380031875604,18.5256509910605,0
"g__Fusobacterium_A",1.40501400462778,0,10.3431659853911,4.19073675280101,0
"g__Fusobacterium_B",0.3178400899138,21.476843796013,19.3448661298481,21.4443700415198,0
"g__Fusobacterium_C",1.35737586236082,0,9.28702452704893,0,0
"g__Leptotrichia_A_993758",0.0862200441831229,0,5.20965989988586,0,0
"g__Sneathia",0.0176906092663175,0,12.9083617865467,0,0
"`g__GWA2-37-10`",0.00384762170929414,0,1.12500843413972,0,0
"g__Nanogingivalis",0.000389146907719983,0,5.17658337760428,0,0
"g__Nanosynbacter",0.193699977826272,0,37.0710233684429,38.7183298573219,0
"g__Nanosyncoccus",0.0175816147184917,0,5.1303834820275,0,0
"g__Saccharimonas",0.135769799012463,0,27.2040875362115,0,0
"`d__Bacteria_p__Proteobacteria_c__Alphaproteobacteria_o__RF32_f__CAG-239_g__`",0.0706338080569655,0,11.6755572687506,0,0
"`g__51-20`",0.00261086422219274,0,2.54233474442471,0,0
"`g__CAG-267`",0.773182478880553,0,1.29837297874561,0,0
"g__CAJLXD01",0.507142413225772,0,0.78440609996338,0,0
"g__Scatocola",0.0732984961602649,0,1.04082640133466,0,0
"`g__CAG-977`",0.000825870860559848,0,1.53043428586122,0,0
"g__UBA2903",0.0684802523636852,0,1.26843232714621,0,0
"g__Agrobacterium",0.0821185447380873,0,5.05019299808378,0,0
"g__Methylobacterium",0.0570821093521705,0,5.04591173966429,0,0
"g__Bradyrhizobium",0.0618766745334089,0,5.04961927438422,0,0
"g__Blastomonas",0.00218713753077614,0,5.05805350048813,0,0
"g__Comamonas_F_589250",0.00225375892021262,0,5.06880734753547,0,0
"g__Oxalobacter_566322",0.362587844134257,0,0.368835718709308,0,0
"g__Aphodousia",0.00844754281557645,0,5.07616670263042,0,0
"g__Duodenibacillus",0.336255273175622,0,7.37863068986791,0,0
"g__Mesosutterella",1.65681184801489,0,4.7789963978745,0,0
"g__Parasutterella",2.8912185309532,0,1.92711635354992,0,0
"g__Sutterella",2.52415212872559,0,0.993379741386473,0,0
"g__Turicimonas",0.471453545497239,0,13.1372991028917,0,0
"g__Neisseria_563205",0.0675087546224991,0,31.5802069149143,0,0
"g__Citrobacter_A_692098",0.491550120480786,0,1.20820550799881,0,0
"g__Enterobacter_B_713587",2.22437046663207,0,2.19783899407465,0,0
"g__Escherichia_710834",11.8595480296814,0,0.0154794786436379,0,0
"g__Hafnia",0.0324302304876678,0,5.13775516514204,0,0
"g__Klebsiella_724518",0.00881784667471358,0,2.61285093293269,0,0
"g__Kluyvera_724999",0.048144902046214,0,5.2559550067933,0,0
"g__Kosakonia_683478",0.00102352628250943,0,5.31424165340464,0,0
"g__Morganella",0.0138860522601038,0,5.3639357895198,0,0
"g__Pantoea_A_680430",0.00617283393691958,0,5.4036941744681,0,0
"g__Providencia_A_732258",0.000280575006919491,0,5.43401058136308,0,0
"g__Yersinia",0.236533731377461,0,41.9562058605003,14.8164551336542,0
"g__Aggregatibacter_736122",0.0692538672036279,0,5.45807493890972,0,0
"g__Aggregatibacter_736224",0.0266319894929342,0,5.47628794737164,0,0
"g__Haemophilus_A",0.0100886102261995,0,5.48992937461768,0,0
"g__Haemophilus_D_735815",2.48497192896996,0,1.97588476601044,0,0
"g__Mesocricetibacter",0.00836551729106146,0,0.619424279359443,0,0
"g__Muribacter",0.00138075171261104,0,5.50170967328651,0,0
"g__Rodentibacter_A_734545",0.0129699465534698,0,5.51285455343378,0,0
"g__Succinivibrio",0.0204668664162431,0,11.4132665594848,0,0
"g__Pseudomonas_E_647464",0.305218633781612,0,1.65020114096796,0,0
"g__Pseudomonas_E_650326",0,0,5.53096582502354,0,0
"g__Pseudomonas_F",0.0797476753724953,0,6.20838008725119,0,0
"g__Acinetobacter",0.0496264005809883,0,5.53793384690542,0,0
"g__Pseudoxanthomonas_A_615336",0.305639598274222,0,79.3549054696128,22.6651203896703,0
"g__Brachyspira",0.0611831881006538,0,5.51425178398723,0,0
"g__Pyramidobacter",0.000230545642649364,0,5.49180092387223,0,0
"g__Cloacibacillus",1.6416659968145,0,1.68458828056984,0,0
"g__UBA11452",0.312412876008583,0,1.42507269141496,0,0
"g__UBA1732",1.87445191408306e-06,0,8.45186348123439,0,0
"g__Victivallis",0.769531364932803,0,7.84755124689703,0,0
"g__Merdousia",0.532183858763114,0,1.84832365618288,0,0
"g__QALA01",0.014922890680464,0,1.25050067118027,0,0
"g__Akkermansia",2.97698692595268,0,1.56232659450402,0,0
